trait	qtn	chr	pos	allele	pvalue_whole	known_gene	candidate_gene_new	novel
TGW	qTGW3.1	Chr3	4504988	C/T	2.59e-08		Os03g0186600	True
TGW	qTGW3.2	Chr3	16733441	T/G	2.25e-08	GS3		False
TGW	qTGW5	Chr5	5371529	C/A	7.22e-10	qSW5/GW5		False
TGW	qTGW7	Chr7	28305040	A/G	8.12e-18	FZP		False
TGW	qTGW9	Chr9	21404841	C/T	2.47e-08		Os09g0544400	True
TGW	qTGW11	Chr11	3019935	T/C	5.17e-07		Os11g0163600	True
GL	qGL3	Chr3	16733441	T/G	1.97e-73	GS3		False
GL	qGL4	Chr4	29308534	C/T	1.79e-06		Os04g0580700	True
GL	qGL5	Chr5	5373491	A/G	2.49e-21	qSW5/GW5		False
GL	qGL7	Chr7	28289869	T/C	4.62e-19	FZP		False
GL	qGL10	Chr10	13616240	A/C	1.19e-07		Os10g0399700,Os10g0400100	True
GW	qGW3	Chr3	16733441	T/G	6.82e-09	GS3		False
GW	qGW5	Chr5	5371772	A/G	1.84e-77	qSW5/GW5		False
GW	qGW7	Chr7	24898274	A/T	2.59e-16	GL7/GW7		False
GW	qGW8	Chr8	26504638	A/G	3.58e-10	GW8		False
RLW	qRLW1	Chr1	3657795	A/G	1.42e-07		Os01g0171000	True
RLW	qRLW3	Chr3	16733441	T/G	2.50e-55	GS3		False
RLW	qRLW4	Chr4	29317460	C/A	3.68e-09		Os04g0580700	True
RLW	qRLW5	Chr5	5371609	A/G	3.59e-69	qSW5/GW5		False
RLW	qRLW7	Chr7	24533303	T/C	4.89e-13	GL7/GW7		False
RLW	qRLW8	Chr8	26504638	A/G	1.17e-14	GW8		False
